date,demand,rrp
2018-01-07,8009.906537313433,69.99522388059702
2018-01-14,8384.092589285714,73.87110119047618
2018-01-21,7972.035238095237,72.699375
2018-01-28,8909.238898809524,84.91898809523809
2018-02-04,7926.9779761904765,72.95386904761905
2018-02-11,8410.174107142857,73.50208333333333
2018-02-18,8780.315089285714,78.48708333333333
2018-02-25,8143.16619047619,71.775625
2018-03-04,7895.714613095238,71.20690476190477
2018-03-11,7639.142172619047,63.50452380952381
2018-03-18,8164.327797619048,68.01940476190477
2018-03-25,7797.722023809524,63.947410714285716
2018-04-01,7491.1503571428575,68.26351190476191
2018-04-08,7674.978720238096,81.01568452380953
2018-04-15,7814.046785714287,71.22999999999999
2018-04-22,7431.570535714286,77.92348214285714
2018-04-29,7308.48431547619,71.79857142857142
2018-05-06,7496.358571428571,61.81604166666666
2018-05-13,7744.9148214285715,67.17098214285714
2018-05-20,8060.0127678571425,93.76979166666668
2018-05-27,7961.03068452381,83.79517857142858
2018-06-03,8369.838869047619,81.26857142857143
2018-06-10,8476.439583333335,148.38279761904764
2018-06-17,8505.309285714286,73.98059523809523
2018-06-24,9088.051517857142,99.95982142857143
2018-07-01,9078.272232142857,84.59758928571429
2018-07-08,8526.190922619047,64.43449404761905
2018-07-15,9005.386041666667,84.63711309523809
2018-07-22,8819.058392857143,79.28827380952382
2018-07-29,8406.933988095238,73.23502976190477
2018-08-05,8269.541874999999,72.3488988095238
2018-08-12,8318.563035714285,87.32345238095238
2018-08-19,8157.7819345238095,83.96300595238095
2018-08-26,8474.740565476191,103.92970238095238
2018-09-02,8542.137083333333,114.34431547619049
2018-09-09,8150.178303571429,122.3029761904762
2018-09-16,7439.712827380952,75.73071428571428
2018-09-23,7514.974255952381,87.13303571428571
2018-09-30,7621.300982142857,84.84375
2018-10-07,7421.37318452381,82.33705357142857
2018-10-14,7511.417113095238,78.03223214285715
2018-10-21,7389.999583333333,107.40845238095237
2018-10-28,7261.5248511904765,80.93559523809525
2018-11-04,7753.872916666666,87.44202380952382
2018-11-11,7500.772083333333,91.89702380952382
2018-11-18,7346.049375,86.26181547619048
2018-11-25,7155.966517857143,78.35407738095239
2018-12-02,7418.063244047619,89.05294642857143
2018-12-09,7663.612113095238,75.22925595238095
2018-12-16,7940.750505952381,94.03931547619047
2018-12-23,7879.6805952380955,92.16556547619048
2018-12-30,7912.085744047619,74.59901785714285
2019-01-06,8401.011428571428,87.09886904761905
2019-01-13,8196.353571428572,80.81547619047619
2019-01-20,9522.804375,136.63723214285716
2019-01-27,9403.981071428572,117.7113988095238
2019-02-03,8933.911398809523,147.92122023809523
2019-02-10,8707.790714285715,102.53113095238095
2019-02-17,8051.319464285714,86.76517857142856
2019-02-24,7931.256696428572,83.68913690476191
2019-03-03,8010.442886904762,80.08758928571429
2019-03-10,8214.584523809524,88.87110119047618
2019-03-17,7947.563035714286,86.56619047619049
2019-03-24,7754.897351190475,95.98372023809523
2019-03-31,7484.9716071428575,83.38684523809523
2019-04-07,7469.261547619048,86.39351190476191
2019-04-14,7464.716071428572,86.56306547619047
2019-04-21,7204.939226190477,80.24895833333333
2019-04-28,7074.521101190476,62.65806547619048
2019-05-05,7579.604732142857,74.52833333333334
2019-05-12,7826.575565476191,77.16348214285715
2019-05-19,7800.88824404762,82.32169642857143
2019-05-26,7658.383839285715,78.77258928571429
2019-06-02,8491.223779761905,87.94508928571429
2019-06-09,8830.272916666667,127.95919642857143
2019-06-16,8075.797916666667,82.55755952380953
2019-06-23,9061.190892857143,85.80029761904763
2019-06-30,8701.14619047619,65.07505952380953
2019-07-07,8671.255952380952,70.36660714285715
2019-07-14,8557.454791666667,76.86485119047619
2019-07-21,8530.226339285713,69.81181547619047
2019-07-28,8379.77607142857,68.69994047619048
2019-08-04,8591.892976190476,72.8397619047619
2019-08-11,8568.82556547619,82.51863095238095
2019-08-18,8464.494970238095,81.16258928571429
2019-08-25,8102.532648809524,66.02639880952381
2019-09-01,8322.688363095238,110.29791666666667
2019-09-08,7557.069285714285,76.863125
2019-09-15,7666.1174404761905,96.74008928571428
2019-09-22,7562.132916666667,96.85764880952381
2019-09-29,7198.419613095239,114.99116071428571
2019-10-06,7212.792232142857,103.74619047619048
2019-10-13,7158.029613095238,115.39261904761904
2019-10-20,7064.044851190476,87.17119047619047
2019-10-27,7265.874523809523,85.75217261904761
2019-11-03,7429.976279761904,110.6588988095238
2019-11-10,7108.289672619047,68.54017857142857
2019-11-17,7223.333005952381,71.09842261904762
2019-11-24,7683.227738095238,66.95330357142858
2019-12-01,7541.524583333333,62.2428869047619
2019-12-08,7402.443095238095,51.26574404761905
2019-12-15,7765.164017857142,57.06047619047619
2019-12-22,7937.083779761904,52.32050595238095
2019-12-29,7332.288273809523,48.56857142857143
2020-01-05,8079.23619047619,227.66410714285715
2020-01-12,7892.891874999999,49.493750000000006
2020-01-19,7626.902619047619,49.66449404761905
2020-01-26,8751.940238095238,83.81940476190476
2020-02-02,9496.717261904761,314.65690476190474
2020-02-09,7631.999553571429,41.53294642857143
2020-02-16,7946.282083333333,60.3652380952381
2020-02-23,7719.605714285714,57.34892857142857
2020-03-01,7845.806934523809,49.43547619047619
2020-03-08,7729.937351190477,50.25288690476191
2020-03-15,7219.155833333333,41.30202380952381
2020-03-22,7356.1325595238095,45.62068452380952
2020-03-29,7079.780148809524,45.02625
2020-04-05,7034.203958333333,50.11883928571429
2020-04-12,6840.509375,43.284166666666664
2020-04-19,6784.238273809524,39.35035714285714
2020-04-26,6891.615297619048,35.2258630952381
2020-05-03,7324.55255952381,35.01848214285714
2020-05-10,7340.778482142857,36.17339285714286
2020-05-17,7962.306458333334,42.445386904761904
2020-05-24,8014.818125000001,48.57294642857143
2020-05-31,8058.561398809524,44.74348214285714
2020-06-07,8506.865,46.625059523809526
2020-06-14,8189.695148809524,68.50770833333334
2020-06-21,8294.887291666666,38.316696428571426
2020-06-28,8838.28925595238,42.35821428571429
2020-07-05,8519.785357142857,35.684196428571425
2020-07-12,8805.794970238096,47.67514880952381
2020-07-19,8740.106041666666,47.449464285714285
2020-07-26,8796.232113095239,59.190505952380946
2020-08-02,8470.055357142857,44.90026785714286
2020-08-09,8806.57925595238,43.52339285714286
2020-08-16,8331.716726190476,47.57940476190476
2020-08-23,8141.733065476191,46.267559523809524
2020-08-30,8113.018035714286,63.7333630952381
2020-09-06,7410.303065476191,44.393839285714286
2020-09-13,7397.447113095238,38.32625
2020-09-20,7133.593005952381,39.11392857142857
2020-09-27,7086.306279761905,41.28958333333333
2020-10-04,6933.214464285715,39.37970238095238
2020-10-11,6779.876934523809,69.061875
2020-10-18,6969.959464285714,46.18264880952381
2020-10-25,7065.54630952381,77.18571428571428
2020-11-01,7143.566160714286,50.45568452380952
2020-11-08,6867.274077380952,51.58505952380953
2020-11-15,6984.109047619048,47.50136904761904
2020-11-22,7473.604464285714,94.74047619047619
2020-11-29,8047.8879761904755,61.9364880952381
2020-12-06,7562.5194940476185,50.377113095238094
2020-12-13,7001.936458333333,43.18306547619048
2020-12-20,7788.174285714286,169.39098214285713
2020-12-27,6799.22931547619,38.749404761904756
2021-01-03,6714.71875,33.66752976190477
2021-01-10,7070.489642857143,36.29032738095238
2021-01-17,7641.2694940476185,46.04589285714286
2021-01-24,7918.441636904762,39.74761904761905
2021-01-31,8069.296279761904,36.85601190476191
2021-02-07,7553.378333333334,34.72735119047619
2021-02-14,7370.6124404761895,34.58931547619048
2021-02-21,7444.165267857143,36.81154761904762
2021-02-28,7508.392767857144,34.37038690476191
2021-03-07,7272.759196428571,33.5085119047619
2021-03-14,7623.69380952381,37.92300595238095
2021-03-21,7316.411190476191,35.32877976190476
2021-03-28,7147.768452380953,48.648690476190474
2021-04-04,6892.591279761905,34.418035714285715
2021-04-11,7107.805625,37.13627976190476
2021-04-18,7143.250416666667,50.984821428571436
2021-04-25,7276.769434523809,74.66389880952381
2021-05-02,7332.18119047619,70.10190476190476
2021-05-09,7569.016488095238,53.844196428571436
2021-05-16,7627.84125,58.897261904761905
2021-05-23,8194.977351190477,188.50377976190475
2021-05-30,8166.794613095238,175.9560119047619
2021-06-06,8531.180327380953,178.2298511904762
2021-06-13,9131.923988095237,206.8813392857143
2021-06-20,8729.195952380953,195.30050595238095
2021-06-27,8706.53886904762,104.86794642857141
2021-07-04,8719.872053571427,80.13184523809524
2021-07-11,9252.148898809523,190.69550595238096
2021-07-18,8655.976220238095,113.6521130952381
2021-07-25,8909.979553571427,145.37675595238096
2021-08-01,8077.298779761905,60.41532738095238
2021-08-08,8105.558273809524,59.37851190476191
2021-08-15,7600.721160714286,53.159375
2021-08-22,7528.166666666667,57.89681547619048
2021-08-29,8083.341160714285,72.8858630952381
2021-09-05,7282.029077380952,47.11163690476191
2021-09-12,6913.339375,32.44726190476191
2021-09-19,7214.615744047619,56.39848214285714
2021-09-26,6960.437529761904,55.5921130952381
2021-10-03,6649.498390151515,53.52996212121212
2021-10-10,6484.917936507937,32.17838293650794
2021-10-17,7042.99621031746,60.491502976190475
2021-10-24,6704.688754960317,71.0895882936508
2021-10-31,6743.9799801587305,66.59840277777778
2021-11-07,6857.571825396826,68.44534226190476
2021-11-14,6946.904424603174,52.35364583333333
2021-11-21,6803.044315476191,67.73421626984127
2021-11-28,7101.9855456349205,66.72918650793652
2021-12-05,7101.087460317461,60.44790674603174
2021-12-12,6997.342837301588,65.81212301587301
2021-12-19,7386.882475198413,72.53084325396826
2021-12-26,7622.3249305555555,81.51856150793651
2022-01-02,6553.961121031745,65.73732638888889
2022-01-09,7465.797237103175,73.55975198412698
2022-01-16,7869.570679563492,78.5117113095238
2022-01-23,7450.120550595238,59.41707341269841
2022-01-30,7759.248050595238,86.54281746031747
2022-02-06,7594.2068253968255,73.91982142857142
2022-02-13,7225.664598214285,71.39737103174603
2022-02-20,7605.688834325397,94.86153273809524
2022-02-27,7828.998055555556,99.84975694444444
2022-03-06,7643.921324404762,87.60004464285714
2022-03-13,7223.55785218254,100.3615625
2022-03-20,7225.94558531746,97.23914186507936
2022-03-27,7267.798591269841,102.28706845238096
2022-04-03,7250.138655753968,150.0556746031746
2022-04-10,7198.274717261905,224.48917658730159
2022-04-17,6884.930873015874,161.41251984126984
2022-04-24,6932.305793650794,155.92239583333333
2022-05-01,7287.41251984127,209.29990079365078
2022-05-08,7352.238472222222,390.80153273809526
2022-05-15,7776.603184523809,309.5290873015873
2022-05-22,7904.105099206349,249.9829513888889
2022-05-29,8004.915962301588,318.762123015873
2022-06-05,8982.439489087303,458.81709325396827
2022-06-12,8961.442539682539,450.5739136904762
2022-06-19,8664.541493055554,355.2799156746032
2022-06-26,8625.343075396826,304.97783234126985
2022-07-03,9115.662351190476,409.3666121031746
2022-07-10,8749.209618055556,360.2288392857143
2022-07-17,9092.34638392857,522.2563740079365
2022-07-24,8989.019533730157,344.0680009920635
2022-07-31,8735.533839285714,263.9645486111111
2022-08-07,8106.2926686507935,130.87920138888887
2022-08-14,8600.484499007936,172.43177083333333
2022-08-21,8237.231393849206,147.90703373015873
2022-08-28,8227.740486111112,147.8153670634921
2022-09-04,7927.862797619048,153.59713789682542
2022-09-11,7667.740798611111,160.5886011904762
2022-09-18,7457.4240575396825,155.2967113095238
2022-09-25,7168.03679563492,141.52660714285716
2022-10-02,7319.163526785715,140.13358134920634
2022-10-09,7375.836314484127,170.66760912698413
2022-10-16,6980.237504960318,150.32861111111112
2022-10-23,7142.2275,150.3605257936508
2022-10-30,6719.866359126984,138.3960515873016
2022-11-06,6748.071016865079,115.6385763888889
2022-11-13,6670.825575396825,109.6881746031746
2022-11-20,6506.686344246032,120.80993055555555
2022-11-27,6521.670922619048,111.5276140873016
2022-12-04,6760.186165674603,106.94265376984127
2022-12-11,6746.764226190476,88.4871875
2022-12-18,6624.247212301588,83.93005952380952
2022-12-25,6743.973229166666,80.03916170634922
2023-01-01,6763.027986111111,70.84655257936508
2023-01-08,6735.342380952381,70.37743055555555
2023-01-15,7209.970138888889,100.92507440476192
2023-01-22,7403.050590277778,85.32904265873016
2023-01-29,7842.178556547619,115.60898809523809
2023-02-05,7516.068427579365,108.83125496031747
2023-02-12,7797.335074404762,89.22748015873016
2023-02-19,7672.41804563492,96.47978174603175
2023-02-26,7613.935277777778,73.82124007936508
2023-03-05,7646.15529265873,95.29954365079365
2023-03-12,7760.321865079365,91.46588293650794
2023-03-19,7937.637872023809,176.44783234126984
2023-03-26,7414.76146329365,95.45220238095239
2023-04-02,7118.7378125,119.12488095238096
2023-04-09,6727.123258928572,101.62098214285714
2023-04-16,6854.042410714285,93.41900793650794
2023-04-23,7123.5369742063485,116.01026785714286
2023-04-30,7091.546617063493,127.75673115079366
2023-05-07,7426.179370039682,159.3592857142857
2023-05-14,7829.053640873016,162.96959325396827
2023-05-21,8072.0833234126985,180.5531398809524
2023-05-28,8440.754370039682,263.6435863095238
2023-06-04,8017.623963293651,159.32459821428571
2023-06-11,8098.516805555556,93.75522321428572
2023-06-18,8360.181939484126,96.36462797619048
2023-06-25,8953.052837301588,123.51711805555556
2023-07-02,8608.920450606585,99.8324610051993
